<?xml version="1.0"?>
<images>
	<image tileset='0'>
		<path>undefined.png</path>
	</image>
	<image tileset='1'>
		<path>floor.png</path>
		<mult>2</mult>
	</image>
	<image tileset='2'>
		<path>tilesets/future1.png</path>
		<tileSize>48</tileSize>
	</image>
	<image tileset='3'>
		<path>tilesets/tileset-8pxhigh.png</path>
		<tileSizeX>16</tileSizeX>
		<tileSizeY>24</tileSizeY>	
	</image>
	<image tileset='5'>
		<path>playerbase.png</path>
	</image>
  <image tileset='6'>
    <path>tilesets/tileset-16pxhigh.png</path>
    <tileSizeX>16</tileSizeX>
    <tileSizeY>32</tileSizeY>    
  </image>
  <image tileset='7'>  <!-- This tileset is the same as the player image, but sliced up.  Useful for static usage instead of animation usage, such as for static NPCs / other players -->
		<path>playerbase.png</path>		
		<tileSizeX>16</tileSizeX>
		<tileSizeY>16</tileSizeY>	
	</image>
  <image tileset='8'>
    <path>sword.png</path>  
    <tileSizeX>11</tileSizeX>
	<tileSizeY>11</tileSizeY>	
  </image>
  <image tileset='9'>
	<path>lawyercat.png</path>			
	</image>
  <image tileset='10'>
	<path>melee.png</path>	
	<tileSizeX>16</tileSizeX>
	<tileSizeY>16</tileSizeY>		
	</image>
  <image tileset='11'>
    <path>coin.png</path>   
    <tileSizeX>8</tileSizeX>
	<tileSizeY>8</tileSizeY>	
  </image>
  <image tileset='12'>
	<path>background.png</path>	
  </image>
  <image tileset='13'>
	<path>doors.png</path>	
  </image>
  <image tileset='14'> <!--  Sliced version of doors (for displaying in shop) -->
	<path>doors.png</path>
	<tileSizeX>16</tileSizeX>
    <tileSizeY>32</tileSizeY> 	
  </image>
  <image tileset='15'>
	<path>sign.png</path>	
  </image>
  <image tileset='16'>
	<path>introsign.png</path>	
  </image>
  <image tileset='17'>
	<path>robbyz.png</path>	
	<tileSizeX>16</tileSizeX>
	<tileSizeY>16</tileSizeY>
  </image>
  <image tileset='18'>
	<path>tutorialzombie.png</path>	
	<tileSizeX>16</tileSizeX>
	<tileSizeY>16</tileSizeY>
  </image>
  <image tileset='19'>
	<path>draco.png</path>	
	<tileSizeX>16</tileSizeX>
	<tileSizeY>16</tileSizeY>
  </image>
  <image tileset='20'>
	<path>teleporter.png</path>		
  </image>
  <image tileset='21'>
	<path>stool.png</path>		
  </image>
  <image tileset='22'>
	<path>townstone.png</path>		
  </image>
  <image tileset='23'>
	<path>telepad.png</path>	
  </image>
  <image tileset='24'> <!--  Sliced version of telepad (for displaying in shop) -->
	<path>telepad.png</path>
	<tileSizeX>16</tileSizeX>
    <tileSizeY>24</tileSizeY> 	
  </image>
  <image tileset='25'>
	<path>lobbyistslug.png</path>	
  </image>
  <image tileset='26'>
	<path>introsign2.png</path>	
  </image>
  <image tileset='27'>
	<path>questicons.png</path>	
	<tileSizeX>16</tileSizeX>
    <tileSizeY>16</tileSizeY> 
  </image>
  <image tileset='28'>  <!-- COLOR OVERLAY for human NPCs/otherplayers. This tileset is the same as the player image, but sliced up.  Useful for static usage instead of animation usage, such as for static NPCs / other players -->
	<path>char-color-overlay.png</path>		
	<tileSizeX>16</tileSizeX>
	<tileSizeY>16</tileSizeY>	
	</image>  
  <image tileset='29'> <!--  Zombie player, not sliced for animation -->
	<path>zombieplr.png</path>		
  </image>
  <image tileset='30'> <!--  Zombie mouth -->
	<path>zombiewpn.png</path>		
  </image>
  <image tileset='31'> <!--  Gun -->
    <path>gun.png</path>  
    <tileSizeX>11</tileSizeX>
	<tileSizeY>11</tileSizeY>	
  </image>
  <image tileset='32'> <!--  Hats -->
    <path>tilesets/hats.png</path>  
    <tileSizeX>16</tileSizeX>
	<tileSizeY>16</tileSizeY>	
  </image>
  <image tileset='33'> <!--  Shirts -->
    <path>tilesets/shirts.png</path>  
    <tileSizeX>16</tileSizeX>
	<tileSizeY>16</tileSizeY>	
  </image>
  <image tileset='34'> <!--  Accessories -->
    <path>tilesets/accessories.png</path>  
    <tileSizeX>16</tileSizeX>
	<tileSizeY>16</tileSizeY>	
  </image>
  <image tileset='35'>
	<path>hipster.png</path>			
	</image>
  <image tileset='36'>
	<path>pumpkin.png</path>	
  </image>
  <image tileset='37'> <!--  Sliced version of pumpkin (for displaying in shop) -->
	<path>pumpkin.png</path>
	<tileSizeX>16</tileSizeX>
    <tileSizeY>24</tileSizeY> 	
  </image>
  <image tileset='38'> <!--  doors, but each tile is flipped. can't use engine flipping because this goes into an animation -->
	<path>doors-lefthandle.png</path>		
  </image>
  <image tileset='39'>  <!--  Sliced version of doors (for displaying in shop) -->
	<path>doors-lefthandle.png</path>		
	<tileSizeX>16</tileSizeX>
    <tileSizeY>32</tileSizeY> 	
  </image>
  <image tileset='40'> <!--  food -->
	<path>food.png</path>
	<tileSizeX>16</tileSizeX>
    <tileSizeY>16</tileSizeY> 	
  </image>
  <image tileset='41'> <!--  reward block: unsliced -->
	<path>rewardblock.png</path>
  </image>
  <image tileset='42'> <!--  reward block: sliced -->
	<path>rewardblock.png</path>
	<tileSizeX>16</tileSizeX>
    <tileSizeY>16</tileSizeY> 	
  </image>
  <image tileset='43'> <!-- potato player - not sliced for animation -->
    <path>potatoplr.png</path>
  </image>
  <image tileset='44'> <!-- potato player - sliced for shop -->
    <path>potatoplr.png</path>
    <tileSizeX>16</tileSizeX>
    <tileSizeY>16</tileSizeY> 
  </image>
  <image tileset='45'>
	<path>gamereviewer.png</path>			
	</image>
  <image tileset='46'>
	<path>diregamereviewer.png</path>			
	</image>
  <image tileset='47'>
	<path>troll.png</path>			
	</image>
  <image tileset='48'>
    <path>keys.png</path>
	<tileSizeX>10</tileSizeX>
    <tileSizeY>5</tileSizeY> 	
  </image>
  <image tileset='49'>
    <path>tilesets/musicCovers.png</path>
	<tileSizeX>56</tileSizeX>
    <tileSizeY>56</tileSizeY> 	
  </image>
  <image tileset='50'>
    <path>tilesets/cursors.png</path>
	<tileSizeX>15</tileSizeX>
    <tileSizeY>20</tileSizeY> 	
  </image>
  <image tileset='51'>
    <path>pickup.png</path>
  </image>
  <image tileset='52'> <!-- turret block - not sliced for animation -->
    <path>tilesets/turretBlock.png</path>
  </image>
  <image tileset='53'> <!-- turret block - sliced for shop -->
    <path>tilesets/turretBlock.png</path>
    <tileSizeX>16</tileSizeX>
    <tileSizeY>24</tileSizeY> 
  </image>
  <image tileset='54'> <!-- laser spark - not sliced for animation -->
    <path>tilesets/laserSpark.png</path>
  </image>
  <image tileset='55'>
    <path>laserRifle.png</path>  
  </image>
  <image tileset='56'> <!-- ammo -->
    <path>tilesets/ammo.png</path>
    <tileSizeX>6</tileSizeX>
    <tileSizeY>8</tileSizeY> 
  </image>
  <image tileset='57'>
    <path>hammer.png</path>  
  </image>
  <image tileset='58'>
    <path>hammerCircle.png</path>  
  </image>
  <image tileset='59'>
	<path>hammerCircleAttack.png</path>  
  </image>
  <image tileset='60'>
    <path>tilesets/eggGenerators.png</path>  
	<tileSizeX>16</tileSizeX>
    <tileSizeY>24</tileSizeY> 
  </image>
  <image tileset='61'>
    <path>tilesets/eggs.png</path>  
	<tileSizeX>10</tileSizeX>
    <tileSizeY>14</tileSizeY> 
  </image>
</images>
